--------------------------------------------------------
--  File created - szerda-március-26-2025   
--------------------------------------------------------
--------------------------------------------------------
--  DDL for Table ALBUMOK
--------------------------------------------------------

  CREATE TABLE "ALBUMOK" 
   (	"ALBUM_ID" NUMBER(*,0), 
	"FELHASZNALO_ID" NUMBER(*,0), 
	"NEV" VARCHAR2(100 BYTE), 
	"LEIRAS" VARCHAR2(150 BYTE), 
	"LETREHOZAS_DATUM" DATE
   ) SEGMENT CREATION IMMEDIATE 
  PCTFREE 10 PCTUSED 40 INITRANS 1 MAXTRANS 255 
 NOCOMPRESS LOGGING
  STORAGE(INITIAL 65536 NEXT 1048576 MINEXTENTS 1 MAXEXTENTS 2147483645
  PCTINCREASE 0 FREELISTS 1 FREELIST GROUPS 1
  BUFFER_POOL DEFAULT FLASH_CACHE DEFAULT CELL_FLASH_CACHE DEFAULT)
  TABLESPACE "USERS" ;
  GRANT DELETE ON "ALBUMOK" TO "C##WUW4PA" WITH GRANT OPTION;
  GRANT INDEX ON "ALBUMOK" TO "C##WUW4PA" WITH GRANT OPTION;
  GRANT INSERT ON "ALBUMOK" TO "C##WUW4PA" WITH GRANT OPTION;
  GRANT SELECT ON "ALBUMOK" TO "C##WUW4PA" WITH GRANT OPTION;
  GRANT UPDATE ON "ALBUMOK" TO "C##WUW4PA" WITH GRANT OPTION;
  GRANT REFERENCES ON "ALBUMOK" TO "C##WUW4PA" WITH GRANT OPTION;
  GRANT READ ON "ALBUMOK" TO "C##WUW4PA" WITH GRANT OPTION;
  GRANT ON COMMIT REFRESH ON "ALBUMOK" TO "C##WUW4PA" WITH GRANT OPTION;
  GRANT QUERY REWRITE ON "ALBUMOK" TO "C##WUW4PA" WITH GRANT OPTION;
  GRANT DEBUG ON "ALBUMOK" TO "C##WUW4PA" WITH GRANT OPTION;
  GRANT FLASHBACK ON "ALBUMOK" TO "C##WUW4PA" WITH GRANT OPTION;
  GRANT ALTER ON "ALBUMOK" TO "C##WUW4PA" WITH GRANT OPTION;
  GRANT ALTER ON "ALBUMOK" TO "C##EB9H17" WITH GRANT OPTION;
  GRANT DELETE ON "ALBUMOK" TO "C##EB9H17" WITH GRANT OPTION;
  GRANT INDEX ON "ALBUMOK" TO "C##EB9H17" WITH GRANT OPTION;
  GRANT INSERT ON "ALBUMOK" TO "C##EB9H17" WITH GRANT OPTION;
  GRANT SELECT ON "ALBUMOK" TO "C##EB9H17" WITH GRANT OPTION;
  GRANT UPDATE ON "ALBUMOK" TO "C##EB9H17" WITH GRANT OPTION;
  GRANT REFERENCES ON "ALBUMOK" TO "C##EB9H17" WITH GRANT OPTION;
  GRANT READ ON "ALBUMOK" TO "C##EB9H17" WITH GRANT OPTION;
  GRANT ON COMMIT REFRESH ON "ALBUMOK" TO "C##EB9H17" WITH GRANT OPTION;
  GRANT QUERY REWRITE ON "ALBUMOK" TO "C##EB9H17" WITH GRANT OPTION;
  GRANT DEBUG ON "ALBUMOK" TO "C##EB9H17" WITH GRANT OPTION;
  GRANT FLASHBACK ON "ALBUMOK" TO "C##EB9H17" WITH GRANT OPTION;
  GRANT ALTER ON "ALBUMOK" TO PUBLIC WITH GRANT OPTION;
  GRANT DELETE ON "ALBUMOK" TO PUBLIC WITH GRANT OPTION;
  GRANT INDEX ON "ALBUMOK" TO PUBLIC WITH GRANT OPTION;
  GRANT INSERT ON "ALBUMOK" TO PUBLIC WITH GRANT OPTION;
  GRANT SELECT ON "ALBUMOK" TO PUBLIC WITH GRANT OPTION;
  GRANT UPDATE ON "ALBUMOK" TO PUBLIC WITH GRANT OPTION;
  GRANT REFERENCES ON "ALBUMOK" TO PUBLIC WITH GRANT OPTION;
  GRANT READ ON "ALBUMOK" TO PUBLIC WITH GRANT OPTION;
  GRANT ON COMMIT REFRESH ON "ALBUMOK" TO PUBLIC WITH GRANT OPTION;
  GRANT QUERY REWRITE ON "ALBUMOK" TO PUBLIC WITH GRANT OPTION;
  GRANT DEBUG ON "ALBUMOK" TO PUBLIC WITH GRANT OPTION;
  GRANT FLASHBACK ON "ALBUMOK" TO PUBLIC WITH GRANT OPTION;
--------------------------------------------------------
--  DDL for Table ERTEKELESEK
--------------------------------------------------------

  CREATE TABLE "ERTEKELESEK" 
   (	"ERTEKELES_ID" NUMBER(*,0), 
	"KEP_ID" NUMBER(*,0), 
	"FELHASZNALO_ID" NUMBER(*,0), 
	"PONTSZAM" NUMBER(*,0), 
	"ERTEKELES_DATUM" DATE
   ) SEGMENT CREATION IMMEDIATE 
  PCTFREE 10 PCTUSED 40 INITRANS 1 MAXTRANS 255 
 NOCOMPRESS LOGGING
  STORAGE(INITIAL 65536 NEXT 1048576 MINEXTENTS 1 MAXEXTENTS 2147483645
  PCTINCREASE 0 FREELISTS 1 FREELIST GROUPS 1
  BUFFER_POOL DEFAULT FLASH_CACHE DEFAULT CELL_FLASH_CACHE DEFAULT)
  TABLESPACE "USERS" ;
  GRANT ALTER ON "ERTEKELESEK" TO "C##WUW4PA" WITH GRANT OPTION;
  GRANT DELETE ON "ERTEKELESEK" TO "C##WUW4PA" WITH GRANT OPTION;
  GRANT INDEX ON "ERTEKELESEK" TO "C##WUW4PA" WITH GRANT OPTION;
  GRANT INSERT ON "ERTEKELESEK" TO "C##WUW4PA" WITH GRANT OPTION;
  GRANT SELECT ON "ERTEKELESEK" TO "C##WUW4PA" WITH GRANT OPTION;
  GRANT UPDATE ON "ERTEKELESEK" TO "C##WUW4PA" WITH GRANT OPTION;
  GRANT REFERENCES ON "ERTEKELESEK" TO "C##WUW4PA" WITH GRANT OPTION;
  GRANT READ ON "ERTEKELESEK" TO "C##WUW4PA" WITH GRANT OPTION;
  GRANT ON COMMIT REFRESH ON "ERTEKELESEK" TO "C##WUW4PA" WITH GRANT OPTION;
  GRANT QUERY REWRITE ON "ERTEKELESEK" TO "C##WUW4PA" WITH GRANT OPTION;
  GRANT DEBUG ON "ERTEKELESEK" TO "C##WUW4PA" WITH GRANT OPTION;
  GRANT FLASHBACK ON "ERTEKELESEK" TO "C##WUW4PA" WITH GRANT OPTION;
  GRANT ALTER ON "ERTEKELESEK" TO "C##EB9H17" WITH GRANT OPTION;
  GRANT DELETE ON "ERTEKELESEK" TO "C##EB9H17" WITH GRANT OPTION;
  GRANT INDEX ON "ERTEKELESEK" TO "C##EB9H17" WITH GRANT OPTION;
  GRANT INSERT ON "ERTEKELESEK" TO "C##EB9H17" WITH GRANT OPTION;
  GRANT SELECT ON "ERTEKELESEK" TO "C##EB9H17" WITH GRANT OPTION;
  GRANT UPDATE ON "ERTEKELESEK" TO "C##EB9H17" WITH GRANT OPTION;
  GRANT REFERENCES ON "ERTEKELESEK" TO "C##EB9H17" WITH GRANT OPTION;
  GRANT READ ON "ERTEKELESEK" TO "C##EB9H17" WITH GRANT OPTION;
  GRANT ON COMMIT REFRESH ON "ERTEKELESEK" TO "C##EB9H17" WITH GRANT OPTION;
  GRANT QUERY REWRITE ON "ERTEKELESEK" TO "C##EB9H17" WITH GRANT OPTION;
  GRANT DEBUG ON "ERTEKELESEK" TO "C##EB9H17" WITH GRANT OPTION;
  GRANT FLASHBACK ON "ERTEKELESEK" TO "C##EB9H17" WITH GRANT OPTION;
  GRANT ALTER ON "ERTEKELESEK" TO PUBLIC WITH GRANT OPTION;
  GRANT DELETE ON "ERTEKELESEK" TO PUBLIC WITH GRANT OPTION;
  GRANT INDEX ON "ERTEKELESEK" TO PUBLIC WITH GRANT OPTION;
  GRANT INSERT ON "ERTEKELESEK" TO PUBLIC WITH GRANT OPTION;
  GRANT SELECT ON "ERTEKELESEK" TO PUBLIC WITH GRANT OPTION;
  GRANT UPDATE ON "ERTEKELESEK" TO PUBLIC WITH GRANT OPTION;
  GRANT REFERENCES ON "ERTEKELESEK" TO PUBLIC WITH GRANT OPTION;
  GRANT READ ON "ERTEKELESEK" TO PUBLIC WITH GRANT OPTION;
  GRANT ON COMMIT REFRESH ON "ERTEKELESEK" TO PUBLIC WITH GRANT OPTION;
  GRANT QUERY REWRITE ON "ERTEKELESEK" TO PUBLIC WITH GRANT OPTION;
  GRANT DEBUG ON "ERTEKELESEK" TO PUBLIC WITH GRANT OPTION;
  GRANT FLASHBACK ON "ERTEKELESEK" TO PUBLIC WITH GRANT OPTION;
--------------------------------------------------------
--  DDL for Table FELHASZNALOK
--------------------------------------------------------

  CREATE TABLE "FELHASZNALOK" 
   (	"FELHASZNALO_ID" NUMBER(*,0), 
	"FELHASZNALONEV" VARCHAR2(100 BYTE), 
	"EMAIL" VARCHAR2(100 BYTE), 
	"JELSZO_HASH" VARCHAR2(255 BYTE), 
	"VAROS_ID" NUMBER(*,0), 
	"REG_DATUM" DATE
   ) SEGMENT CREATION IMMEDIATE 
  PCTFREE 10 PCTUSED 40 INITRANS 1 MAXTRANS 255 
 NOCOMPRESS LOGGING
  STORAGE(INITIAL 65536 NEXT 1048576 MINEXTENTS 1 MAXEXTENTS 2147483645
  PCTINCREASE 0 FREELISTS 1 FREELIST GROUPS 1
  BUFFER_POOL DEFAULT FLASH_CACHE DEFAULT CELL_FLASH_CACHE DEFAULT)
  TABLESPACE "USERS" ;
  GRANT ALTER ON "FELHASZNALOK" TO "C##WUW4PA" WITH GRANT OPTION;
  GRANT DELETE ON "FELHASZNALOK" TO "C##WUW4PA" WITH GRANT OPTION;
  GRANT INDEX ON "FELHASZNALOK" TO "C##WUW4PA" WITH GRANT OPTION;
  GRANT INSERT ON "FELHASZNALOK" TO "C##WUW4PA" WITH GRANT OPTION;
  GRANT SELECT ON "FELHASZNALOK" TO "C##WUW4PA" WITH GRANT OPTION;
  GRANT UPDATE ON "FELHASZNALOK" TO "C##WUW4PA" WITH GRANT OPTION;
  GRANT REFERENCES ON "FELHASZNALOK" TO "C##WUW4PA" WITH GRANT OPTION;
  GRANT READ ON "FELHASZNALOK" TO "C##WUW4PA" WITH GRANT OPTION;
  GRANT ON COMMIT REFRESH ON "FELHASZNALOK" TO "C##WUW4PA" WITH GRANT OPTION;
  GRANT QUERY REWRITE ON "FELHASZNALOK" TO "C##WUW4PA" WITH GRANT OPTION;
  GRANT DEBUG ON "FELHASZNALOK" TO "C##WUW4PA" WITH GRANT OPTION;
  GRANT FLASHBACK ON "FELHASZNALOK" TO "C##WUW4PA" WITH GRANT OPTION;
  GRANT ALTER ON "FELHASZNALOK" TO "C##EB9H17" WITH GRANT OPTION;
  GRANT DELETE ON "FELHASZNALOK" TO "C##EB9H17" WITH GRANT OPTION;
  GRANT INDEX ON "FELHASZNALOK" TO "C##EB9H17" WITH GRANT OPTION;
  GRANT INSERT ON "FELHASZNALOK" TO "C##EB9H17" WITH GRANT OPTION;
  GRANT SELECT ON "FELHASZNALOK" TO "C##EB9H17" WITH GRANT OPTION;
  GRANT UPDATE ON "FELHASZNALOK" TO "C##EB9H17" WITH GRANT OPTION;
  GRANT REFERENCES ON "FELHASZNALOK" TO "C##EB9H17" WITH GRANT OPTION;
  GRANT READ ON "FELHASZNALOK" TO "C##EB9H17" WITH GRANT OPTION;
  GRANT ON COMMIT REFRESH ON "FELHASZNALOK" TO "C##EB9H17" WITH GRANT OPTION;
  GRANT QUERY REWRITE ON "FELHASZNALOK" TO "C##EB9H17" WITH GRANT OPTION;
  GRANT DEBUG ON "FELHASZNALOK" TO "C##EB9H17" WITH GRANT OPTION;
  GRANT FLASHBACK ON "FELHASZNALOK" TO "C##EB9H17" WITH GRANT OPTION;
  GRANT ALTER ON "FELHASZNALOK" TO PUBLIC WITH GRANT OPTION;
  GRANT DELETE ON "FELHASZNALOK" TO PUBLIC WITH GRANT OPTION;
  GRANT INDEX ON "FELHASZNALOK" TO PUBLIC WITH GRANT OPTION;
  GRANT INSERT ON "FELHASZNALOK" TO PUBLIC WITH GRANT OPTION;
  GRANT SELECT ON "FELHASZNALOK" TO PUBLIC WITH GRANT OPTION;
  GRANT UPDATE ON "FELHASZNALOK" TO PUBLIC WITH GRANT OPTION;
  GRANT REFERENCES ON "FELHASZNALOK" TO PUBLIC WITH GRANT OPTION;
  GRANT READ ON "FELHASZNALOK" TO PUBLIC WITH GRANT OPTION;
  GRANT ON COMMIT REFRESH ON "FELHASZNALOK" TO PUBLIC WITH GRANT OPTION;
  GRANT QUERY REWRITE ON "FELHASZNALOK" TO PUBLIC WITH GRANT OPTION;
  GRANT DEBUG ON "FELHASZNALOK" TO PUBLIC WITH GRANT OPTION;
  GRANT FLASHBACK ON "FELHASZNALOK" TO PUBLIC WITH GRANT OPTION;
--------------------------------------------------------
--  DDL for Table HOZZASZOLASOK
--------------------------------------------------------

  CREATE TABLE "HOZZASZOLASOK" 
   (	"HOZZASZOLAS_ID" NUMBER(*,0), 
	"KEP_ID" NUMBER(*,0), 
	"FELHASZNALO_ID" NUMBER(*,0), 
	"TARTALOM" VARCHAR2(150 BYTE), 
	"DATUM" DATE
   ) SEGMENT CREATION IMMEDIATE 
  PCTFREE 10 PCTUSED 40 INITRANS 1 MAXTRANS 255 
 NOCOMPRESS LOGGING
  STORAGE(INITIAL 65536 NEXT 1048576 MINEXTENTS 1 MAXEXTENTS 2147483645
  PCTINCREASE 0 FREELISTS 1 FREELIST GROUPS 1
  BUFFER_POOL DEFAULT FLASH_CACHE DEFAULT CELL_FLASH_CACHE DEFAULT)
  TABLESPACE "USERS" ;
  GRANT ALTER ON "HOZZASZOLASOK" TO "C##WUW4PA" WITH GRANT OPTION;
  GRANT DELETE ON "HOZZASZOLASOK" TO "C##WUW4PA" WITH GRANT OPTION;
  GRANT INDEX ON "HOZZASZOLASOK" TO "C##WUW4PA" WITH GRANT OPTION;
  GRANT INSERT ON "HOZZASZOLASOK" TO "C##WUW4PA" WITH GRANT OPTION;
  GRANT SELECT ON "HOZZASZOLASOK" TO "C##WUW4PA" WITH GRANT OPTION;
  GRANT UPDATE ON "HOZZASZOLASOK" TO "C##WUW4PA" WITH GRANT OPTION;
  GRANT REFERENCES ON "HOZZASZOLASOK" TO "C##WUW4PA" WITH GRANT OPTION;
  GRANT READ ON "HOZZASZOLASOK" TO "C##WUW4PA" WITH GRANT OPTION;
  GRANT ON COMMIT REFRESH ON "HOZZASZOLASOK" TO "C##WUW4PA" WITH GRANT OPTION;
  GRANT QUERY REWRITE ON "HOZZASZOLASOK" TO "C##WUW4PA" WITH GRANT OPTION;
  GRANT DEBUG ON "HOZZASZOLASOK" TO "C##WUW4PA" WITH GRANT OPTION;
  GRANT FLASHBACK ON "HOZZASZOLASOK" TO "C##WUW4PA" WITH GRANT OPTION;
  GRANT ALTER ON "HOZZASZOLASOK" TO "C##EB9H17" WITH GRANT OPTION;
  GRANT DELETE ON "HOZZASZOLASOK" TO "C##EB9H17" WITH GRANT OPTION;
  GRANT INDEX ON "HOZZASZOLASOK" TO "C##EB9H17" WITH GRANT OPTION;
  GRANT INSERT ON "HOZZASZOLASOK" TO "C##EB9H17" WITH GRANT OPTION;
  GRANT SELECT ON "HOZZASZOLASOK" TO "C##EB9H17" WITH GRANT OPTION;
  GRANT UPDATE ON "HOZZASZOLASOK" TO "C##EB9H17" WITH GRANT OPTION;
  GRANT REFERENCES ON "HOZZASZOLASOK" TO "C##EB9H17" WITH GRANT OPTION;
  GRANT READ ON "HOZZASZOLASOK" TO "C##EB9H17" WITH GRANT OPTION;
  GRANT ON COMMIT REFRESH ON "HOZZASZOLASOK" TO "C##EB9H17" WITH GRANT OPTION;
  GRANT QUERY REWRITE ON "HOZZASZOLASOK" TO "C##EB9H17" WITH GRANT OPTION;
  GRANT DEBUG ON "HOZZASZOLASOK" TO "C##EB9H17" WITH GRANT OPTION;
  GRANT FLASHBACK ON "HOZZASZOLASOK" TO "C##EB9H17" WITH GRANT OPTION;
  GRANT ALTER ON "HOZZASZOLASOK" TO PUBLIC WITH GRANT OPTION;
  GRANT DELETE ON "HOZZASZOLASOK" TO PUBLIC WITH GRANT OPTION;
  GRANT INDEX ON "HOZZASZOLASOK" TO PUBLIC WITH GRANT OPTION;
  GRANT INSERT ON "HOZZASZOLASOK" TO PUBLIC WITH GRANT OPTION;
  GRANT SELECT ON "HOZZASZOLASOK" TO PUBLIC WITH GRANT OPTION;
  GRANT UPDATE ON "HOZZASZOLASOK" TO PUBLIC WITH GRANT OPTION;
  GRANT REFERENCES ON "HOZZASZOLASOK" TO PUBLIC WITH GRANT OPTION;
  GRANT READ ON "HOZZASZOLASOK" TO PUBLIC WITH GRANT OPTION;
  GRANT ON COMMIT REFRESH ON "HOZZASZOLASOK" TO PUBLIC WITH GRANT OPTION;
  GRANT QUERY REWRITE ON "HOZZASZOLASOK" TO PUBLIC WITH GRANT OPTION;
  GRANT DEBUG ON "HOZZASZOLASOK" TO PUBLIC WITH GRANT OPTION;
  GRANT FLASHBACK ON "HOZZASZOLASOK" TO PUBLIC WITH GRANT OPTION;
--------------------------------------------------------
--  DDL for Table KATEGORIAK
--------------------------------------------------------

  CREATE TABLE "KATEGORIAK" 
   (	"KATEGORIA_ID" NUMBER(*,0), 
	"NEV" VARCHAR2(100 BYTE)
   ) SEGMENT CREATION IMMEDIATE 
  PCTFREE 10 PCTUSED 40 INITRANS 1 MAXTRANS 255 
 NOCOMPRESS LOGGING
  STORAGE(INITIAL 65536 NEXT 1048576 MINEXTENTS 1 MAXEXTENTS 2147483645
  PCTINCREASE 0 FREELISTS 1 FREELIST GROUPS 1
  BUFFER_POOL DEFAULT FLASH_CACHE DEFAULT CELL_FLASH_CACHE DEFAULT)
  TABLESPACE "USERS" ;
  GRANT ALTER ON "KATEGORIAK" TO "C##WUW4PA" WITH GRANT OPTION;
  GRANT DELETE ON "KATEGORIAK" TO "C##WUW4PA" WITH GRANT OPTION;
  GRANT INDEX ON "KATEGORIAK" TO "C##WUW4PA" WITH GRANT OPTION;
  GRANT INSERT ON "KATEGORIAK" TO "C##WUW4PA" WITH GRANT OPTION;
  GRANT SELECT ON "KATEGORIAK" TO "C##WUW4PA" WITH GRANT OPTION;
  GRANT UPDATE ON "KATEGORIAK" TO "C##WUW4PA" WITH GRANT OPTION;
  GRANT REFERENCES ON "KATEGORIAK" TO "C##WUW4PA" WITH GRANT OPTION;
  GRANT READ ON "KATEGORIAK" TO "C##WUW4PA" WITH GRANT OPTION;
  GRANT ON COMMIT REFRESH ON "KATEGORIAK" TO "C##WUW4PA" WITH GRANT OPTION;
  GRANT QUERY REWRITE ON "KATEGORIAK" TO "C##WUW4PA" WITH GRANT OPTION;
  GRANT DEBUG ON "KATEGORIAK" TO "C##WUW4PA" WITH GRANT OPTION;
  GRANT FLASHBACK ON "KATEGORIAK" TO "C##WUW4PA" WITH GRANT OPTION;
  GRANT ALTER ON "KATEGORIAK" TO "C##EB9H17" WITH GRANT OPTION;
  GRANT DELETE ON "KATEGORIAK" TO "C##EB9H17" WITH GRANT OPTION;
  GRANT INDEX ON "KATEGORIAK" TO "C##EB9H17" WITH GRANT OPTION;
  GRANT INSERT ON "KATEGORIAK" TO "C##EB9H17" WITH GRANT OPTION;
  GRANT SELECT ON "KATEGORIAK" TO "C##EB9H17" WITH GRANT OPTION;
  GRANT UPDATE ON "KATEGORIAK" TO "C##EB9H17" WITH GRANT OPTION;
  GRANT REFERENCES ON "KATEGORIAK" TO "C##EB9H17" WITH GRANT OPTION;
  GRANT READ ON "KATEGORIAK" TO "C##EB9H17" WITH GRANT OPTION;
  GRANT ON COMMIT REFRESH ON "KATEGORIAK" TO "C##EB9H17" WITH GRANT OPTION;
  GRANT QUERY REWRITE ON "KATEGORIAK" TO "C##EB9H17" WITH GRANT OPTION;
  GRANT DEBUG ON "KATEGORIAK" TO "C##EB9H17" WITH GRANT OPTION;
  GRANT FLASHBACK ON "KATEGORIAK" TO "C##EB9H17" WITH GRANT OPTION;
  GRANT ALTER ON "KATEGORIAK" TO PUBLIC WITH GRANT OPTION;
  GRANT DELETE ON "KATEGORIAK" TO PUBLIC WITH GRANT OPTION;
  GRANT INDEX ON "KATEGORIAK" TO PUBLIC WITH GRANT OPTION;
  GRANT INSERT ON "KATEGORIAK" TO PUBLIC WITH GRANT OPTION;
  GRANT SELECT ON "KATEGORIAK" TO PUBLIC WITH GRANT OPTION;
  GRANT UPDATE ON "KATEGORIAK" TO PUBLIC WITH GRANT OPTION;
  GRANT REFERENCES ON "KATEGORIAK" TO PUBLIC WITH GRANT OPTION;
  GRANT READ ON "KATEGORIAK" TO PUBLIC WITH GRANT OPTION;
  GRANT ON COMMIT REFRESH ON "KATEGORIAK" TO PUBLIC WITH GRANT OPTION;
  GRANT QUERY REWRITE ON "KATEGORIAK" TO PUBLIC WITH GRANT OPTION;
  GRANT DEBUG ON "KATEGORIAK" TO PUBLIC WITH GRANT OPTION;
  GRANT FLASHBACK ON "KATEGORIAK" TO PUBLIC WITH GRANT OPTION;
--------------------------------------------------------
--  DDL for Table KEPEK
--------------------------------------------------------

  CREATE TABLE "KEPEK" 
   (	"KEP_ID" NUMBER(*,0), 
	"FELHASZNALO_ID" NUMBER(*,0), 
	"ALBUM_ID" NUMBER(*,0), 
	"CIM" VARCHAR2(100 BYTE), 
	"LEIRAS" VARCHAR2(150 BYTE), 
	"FELTOLTES_DATUM" DATE, 
	"HELYSZIN_VAROS_ID" NUMBER(*,0)
   ) SEGMENT CREATION IMMEDIATE 
  PCTFREE 10 PCTUSED 40 INITRANS 1 MAXTRANS 255 
 NOCOMPRESS LOGGING
  STORAGE(INITIAL 65536 NEXT 1048576 MINEXTENTS 1 MAXEXTENTS 2147483645
  PCTINCREASE 0 FREELISTS 1 FREELIST GROUPS 1
  BUFFER_POOL DEFAULT FLASH_CACHE DEFAULT CELL_FLASH_CACHE DEFAULT)
  TABLESPACE "USERS" ;
  GRANT ALTER ON "KEPEK" TO "C##WUW4PA" WITH GRANT OPTION;
  GRANT DELETE ON "KEPEK" TO "C##WUW4PA" WITH GRANT OPTION;
  GRANT INDEX ON "KEPEK" TO "C##WUW4PA" WITH GRANT OPTION;
  GRANT INSERT ON "KEPEK" TO "C##WUW4PA" WITH GRANT OPTION;
  GRANT SELECT ON "KEPEK" TO "C##WUW4PA" WITH GRANT OPTION;
  GRANT UPDATE ON "KEPEK" TO "C##WUW4PA" WITH GRANT OPTION;
  GRANT REFERENCES ON "KEPEK" TO "C##WUW4PA" WITH GRANT OPTION;
  GRANT READ ON "KEPEK" TO "C##WUW4PA" WITH GRANT OPTION;
  GRANT ON COMMIT REFRESH ON "KEPEK" TO "C##WUW4PA" WITH GRANT OPTION;
  GRANT QUERY REWRITE ON "KEPEK" TO "C##WUW4PA" WITH GRANT OPTION;
  GRANT DEBUG ON "KEPEK" TO "C##WUW4PA" WITH GRANT OPTION;
  GRANT FLASHBACK ON "KEPEK" TO "C##WUW4PA" WITH GRANT OPTION;
  GRANT ALTER ON "KEPEK" TO "C##EB9H17" WITH GRANT OPTION;
  GRANT DELETE ON "KEPEK" TO "C##EB9H17" WITH GRANT OPTION;
  GRANT INDEX ON "KEPEK" TO "C##EB9H17" WITH GRANT OPTION;
  GRANT INSERT ON "KEPEK" TO "C##EB9H17" WITH GRANT OPTION;
  GRANT SELECT ON "KEPEK" TO "C##EB9H17" WITH GRANT OPTION;
  GRANT UPDATE ON "KEPEK" TO "C##EB9H17" WITH GRANT OPTION;
  GRANT REFERENCES ON "KEPEK" TO "C##EB9H17" WITH GRANT OPTION;
  GRANT READ ON "KEPEK" TO "C##EB9H17" WITH GRANT OPTION;
  GRANT ON COMMIT REFRESH ON "KEPEK" TO "C##EB9H17" WITH GRANT OPTION;
  GRANT QUERY REWRITE ON "KEPEK" TO "C##EB9H17" WITH GRANT OPTION;
  GRANT DEBUG ON "KEPEK" TO "C##EB9H17" WITH GRANT OPTION;
  GRANT FLASHBACK ON "KEPEK" TO "C##EB9H17" WITH GRANT OPTION;
  GRANT ALTER ON "KEPEK" TO PUBLIC WITH GRANT OPTION;
  GRANT DELETE ON "KEPEK" TO PUBLIC WITH GRANT OPTION;
  GRANT INDEX ON "KEPEK" TO PUBLIC WITH GRANT OPTION;
  GRANT INSERT ON "KEPEK" TO PUBLIC WITH GRANT OPTION;
  GRANT SELECT ON "KEPEK" TO PUBLIC WITH GRANT OPTION;
  GRANT UPDATE ON "KEPEK" TO PUBLIC WITH GRANT OPTION;
  GRANT REFERENCES ON "KEPEK" TO PUBLIC WITH GRANT OPTION;
  GRANT READ ON "KEPEK" TO PUBLIC WITH GRANT OPTION;
  GRANT ON COMMIT REFRESH ON "KEPEK" TO PUBLIC WITH GRANT OPTION;
  GRANT QUERY REWRITE ON "KEPEK" TO PUBLIC WITH GRANT OPTION;
  GRANT DEBUG ON "KEPEK" TO PUBLIC WITH GRANT OPTION;
  GRANT FLASHBACK ON "KEPEK" TO PUBLIC WITH GRANT OPTION;
--------------------------------------------------------
--  DDL for Table VAROSOK
--------------------------------------------------------

  CREATE TABLE "VAROSOK" 
   (	"VAROS_ID" NUMBER(*,0), 
	"NEV" VARCHAR2(100 BYTE), 
	"MEGYE" VARCHAR2(100 BYTE), 
	"IRANYITOSZAM" NUMBER(*,0)
   ) SEGMENT CREATION IMMEDIATE 
  PCTFREE 10 PCTUSED 40 INITRANS 1 MAXTRANS 255 
 NOCOMPRESS LOGGING
  STORAGE(INITIAL 65536 NEXT 1048576 MINEXTENTS 1 MAXEXTENTS 2147483645
  PCTINCREASE 0 FREELISTS 1 FREELIST GROUPS 1
  BUFFER_POOL DEFAULT FLASH_CACHE DEFAULT CELL_FLASH_CACHE DEFAULT)
  TABLESPACE "USERS" ;
  GRANT ALTER ON "VAROSOK" TO "C##WUW4PA" WITH GRANT OPTION;
  GRANT DELETE ON "VAROSOK" TO "C##WUW4PA" WITH GRANT OPTION;
  GRANT INDEX ON "VAROSOK" TO "C##WUW4PA" WITH GRANT OPTION;
  GRANT INSERT ON "VAROSOK" TO "C##WUW4PA" WITH GRANT OPTION;
  GRANT SELECT ON "VAROSOK" TO "C##WUW4PA" WITH GRANT OPTION;
  GRANT UPDATE ON "VAROSOK" TO "C##WUW4PA" WITH GRANT OPTION;
  GRANT REFERENCES ON "VAROSOK" TO "C##WUW4PA" WITH GRANT OPTION;
  GRANT READ ON "VAROSOK" TO "C##WUW4PA" WITH GRANT OPTION;
  GRANT ON COMMIT REFRESH ON "VAROSOK" TO "C##WUW4PA" WITH GRANT OPTION;
  GRANT QUERY REWRITE ON "VAROSOK" TO "C##WUW4PA" WITH GRANT OPTION;
  GRANT DEBUG ON "VAROSOK" TO "C##WUW4PA" WITH GRANT OPTION;
  GRANT FLASHBACK ON "VAROSOK" TO "C##WUW4PA" WITH GRANT OPTION;
  GRANT ALTER ON "VAROSOK" TO "C##EB9H17" WITH GRANT OPTION;
  GRANT DELETE ON "VAROSOK" TO "C##EB9H17" WITH GRANT OPTION;
  GRANT INDEX ON "VAROSOK" TO "C##EB9H17" WITH GRANT OPTION;
  GRANT INSERT ON "VAROSOK" TO "C##EB9H17" WITH GRANT OPTION;
  GRANT SELECT ON "VAROSOK" TO "C##EB9H17" WITH GRANT OPTION;
  GRANT UPDATE ON "VAROSOK" TO "C##EB9H17" WITH GRANT OPTION;
  GRANT REFERENCES ON "VAROSOK" TO "C##EB9H17" WITH GRANT OPTION;
  GRANT READ ON "VAROSOK" TO "C##EB9H17" WITH GRANT OPTION;
  GRANT ON COMMIT REFRESH ON "VAROSOK" TO "C##EB9H17" WITH GRANT OPTION;
  GRANT QUERY REWRITE ON "VAROSOK" TO "C##EB9H17" WITH GRANT OPTION;
  GRANT DEBUG ON "VAROSOK" TO "C##EB9H17" WITH GRANT OPTION;
  GRANT FLASHBACK ON "VAROSOK" TO "C##EB9H17" WITH GRANT OPTION;
  GRANT ALTER ON "VAROSOK" TO PUBLIC WITH GRANT OPTION;
  GRANT DELETE ON "VAROSOK" TO PUBLIC WITH GRANT OPTION;
  GRANT INDEX ON "VAROSOK" TO PUBLIC WITH GRANT OPTION;
  GRANT INSERT ON "VAROSOK" TO PUBLIC WITH GRANT OPTION;
  GRANT SELECT ON "VAROSOK" TO PUBLIC WITH GRANT OPTION;
  GRANT UPDATE ON "VAROSOK" TO PUBLIC WITH GRANT OPTION;
  GRANT REFERENCES ON "VAROSOK" TO PUBLIC WITH GRANT OPTION;
  GRANT READ ON "VAROSOK" TO PUBLIC WITH GRANT OPTION;
  GRANT ON COMMIT REFRESH ON "VAROSOK" TO PUBLIC WITH GRANT OPTION;
  GRANT QUERY REWRITE ON "VAROSOK" TO PUBLIC WITH GRANT OPTION;
  GRANT DEBUG ON "VAROSOK" TO PUBLIC WITH GRANT OPTION;
  GRANT FLASHBACK ON "VAROSOK" TO PUBLIC WITH GRANT OPTION;
REM INSERTING into ALBUMOK
SET DEFINE OFF;
Insert into ALBUMOK (ALBUM_ID,FELHASZNALO_ID,NEV,LEIRAS,LETREHOZAS_DATUM) values ('1','1','Olaszország 2021','Olaszországi nyaralásom 2021-ben',to_date('25-MÁRC. -24','RR-MON-DD'));
Insert into ALBUMOK (ALBUM_ID,FELHASZNALO_ID,NEV,LEIRAS,LETREHOZAS_DATUM) values ('2','1','Család','Családról készült képek',to_date('25-MÁRC. -24','RR-MON-DD'));
Insert into ALBUMOK (ALBUM_ID,FELHASZNALO_ID,NEV,LEIRAS,LETREHOZAS_DATUM) values ('3','3','Foltos','Foltosról készült képek',to_date('25-MÁRC. -24','RR-MON-DD'));
Insert into ALBUMOK (ALBUM_ID,FELHASZNALO_ID,NEV,LEIRAS,LETREHOZAS_DATUM) values ('4','6','Töri TZ','Történelem témazáróhoz képek',to_date('25-MÁRC. -24','RR-MON-DD'));
Insert into ALBUMOK (ALBUM_ID,FELHASZNALO_ID,NEV,LEIRAS,LETREHOZAS_DATUM) values ('5','2','Barcelona 2015','2015-ös Barcelonai utazás',to_date('25-MÁRC. -24','RR-MON-DD'));
REM INSERTING into ERTEKELESEK
SET DEFINE OFF;
Insert into ERTEKELESEK (ERTEKELES_ID,KEP_ID,FELHASZNALO_ID,PONTSZAM,ERTEKELES_DATUM) values ('1','3','6','5',to_date('25-MÁRC. -24','RR-MON-DD'));
Insert into ERTEKELESEK (ERTEKELES_ID,KEP_ID,FELHASZNALO_ID,PONTSZAM,ERTEKELES_DATUM) values ('2','1','2','4',to_date('25-MÁRC. -24','RR-MON-DD'));
Insert into ERTEKELESEK (ERTEKELES_ID,KEP_ID,FELHASZNALO_ID,PONTSZAM,ERTEKELES_DATUM) values ('3','3','6','5',to_date('25-MÁRC. -24','RR-MON-DD'));
Insert into ERTEKELESEK (ERTEKELES_ID,KEP_ID,FELHASZNALO_ID,PONTSZAM,ERTEKELES_DATUM) values ('4','5','1','5',to_date('25-MÁRC. -24','RR-MON-DD'));
Insert into ERTEKELESEK (ERTEKELES_ID,KEP_ID,FELHASZNALO_ID,PONTSZAM,ERTEKELES_DATUM) values ('5','1','4','3',to_date('25-MÁRC. -24','RR-MON-DD'));
Insert into ERTEKELESEK (ERTEKELES_ID,KEP_ID,FELHASZNALO_ID,PONTSZAM,ERTEKELES_DATUM) values ('6','3','1','4',to_date('25-MÁRC. -24','RR-MON-DD'));
REM INSERTING into FELHASZNALOK
SET DEFINE OFF;
Insert into FELHASZNALOK (FELHASZNALO_ID,FELHASZNALONEV,EMAIL,JELSZO_HASH,VAROS_ID,REG_DATUM) values ('1','Sanyika69','sanyika69@citromail.hu','MDBD7JS62D','1',to_date('25-MÁRC. -24','RR-MON-DD'));
Insert into FELHASZNALOK (FELHASZNALO_ID,FELHASZNALONEV,EMAIL,JELSZO_HASH,VAROS_ID,REG_DATUM) values ('2','Firestorm89','fire89@gmail.com','R7q8Bv6NyT','2',to_date('25-MÁRC. -24','RR-MON-DD'));
Insert into FELHASZNALOK (FELHASZNALO_ID,FELHASZNALONEV,EMAIL,JELSZO_HASH,VAROS_ID,REG_DATUM) values ('3','CyberNinja07','ninja07@webmail.com','K3x4Wm9ZtP','6',to_date('25-MÁRC. -24','RR-MON-DD'));
Insert into FELHASZNALOK (FELHASZNALO_ID,FELHASZNALONEV,EMAIL,JELSZO_HASH,VAROS_ID,REG_DATUM) values ('4','NagyEva32','nagy.eva32@freemail.hu','P6t3Xy9ZrM','9',to_date('25-MÁRC. -24','RR-MON-DD'));
Insert into FELHASZNALOK (FELHASZNALO_ID,FELHASZNALONEV,EMAIL,JELSZO_HASH,VAROS_ID,REG_DATUM) values ('5','FarkasDori25','farkas.d25@protonmail.com','K3p8Xt6ZyV','2',to_date('25-MÁRC. -24','RR-MON-DD'));
Insert into FELHASZNALOK (FELHASZNALO_ID,FELHASZNALONEV,EMAIL,JELSZO_HASH,VAROS_ID,REG_DATUM) values ('6','GalacticFox31','fox31@gmail.com','L5m9Xt7RpQ','11',to_date('25-MÁRC. -24','RR-MON-DD'));
REM INSERTING into HOZZASZOLASOK
SET DEFINE OFF;
Insert into HOZZASZOLASOK (HOZZASZOLAS_ID,KEP_ID,FELHASZNALO_ID,TARTALOM,DATUM) values ('1','3','1','Jaj de édes!',to_date('25-MÁRC. -24','RR-MON-DD'));
Insert into HOZZASZOLASOK (HOZZASZOLAS_ID,KEP_ID,FELHASZNALO_ID,TARTALOM,DATUM) values ('2','3','6','Megzabálom',to_date('25-MÁRC. -24','RR-MON-DD'));
Insert into HOZZASZOLASOK (HOZZASZOLAS_ID,KEP_ID,FELHASZNALO_ID,TARTALOM,DATUM) values ('3','5','1','Ezek voltak a szép idők',to_date('25-MÁRC. -24','RR-MON-DD'));
Insert into HOZZASZOLASOK (HOZZASZOLAS_ID,KEP_ID,FELHASZNALO_ID,TARTALOM,DATUM) values ('4','1','2','Nekem egy huskym van',to_date('25-MÁRC. -24','RR-MON-DD'));
Insert into HOZZASZOLASOK (HOZZASZOLAS_ID,KEP_ID,FELHASZNALO_ID,TARTALOM,DATUM) values ('5','3','1','Mennyi idős?',to_date('25-MÁRC. -24','RR-MON-DD'));
REM INSERTING into KATEGORIAK
SET DEFINE OFF;
Insert into KATEGORIAK (KATEGORIA_ID,NEV) values ('1','Tájkép');
Insert into KATEGORIAK (KATEGORIA_ID,NEV) values ('2','Portré');
Insert into KATEGORIAK (KATEGORIA_ID,NEV) values ('3','Természet');
Insert into KATEGORIAK (KATEGORIA_ID,NEV) values ('4','Építészet');
Insert into KATEGORIAK (KATEGORIA_ID,NEV) values ('5','Makró');
Insert into KATEGORIAK (KATEGORIA_ID,NEV) values ('6','Étel és ital');
Insert into KATEGORIAK (KATEGORIA_ID,NEV) values ('7','Éjszakai fotózás');
Insert into KATEGORIAK (KATEGORIA_ID,NEV) values ('8','Sport');
Insert into KATEGORIAK (KATEGORIA_ID,NEV) values ('9','Dokumentum');
Insert into KATEGORIAK (KATEGORIA_ID,NEV) values ('10','Absztrakt');
REM INSERTING into KEPEK
SET DEFINE OFF;
Insert into KEPEK (KEP_ID,FELHASZNALO_ID,ALBUM_ID,CIM,LEIRAS,FELTOLTES_DATUM,HELYSZIN_VAROS_ID) values ('1','3','3','Foltos01','Izgatott foltos',to_date('25-MÁRC. -24','RR-MON-DD'),'1');
Insert into KEPEK (KEP_ID,FELHASZNALO_ID,ALBUM_ID,CIM,LEIRAS,FELTOLTES_DATUM,HELYSZIN_VAROS_ID) values ('2','3','3','Foltos02','Álmos foltos',to_date('25-MÁRC. -24','RR-MON-DD'),'2');
Insert into KEPEK (KEP_ID,FELHASZNALO_ID,ALBUM_ID,CIM,LEIRAS,FELTOLTES_DATUM,HELYSZIN_VAROS_ID) values ('3','3','3','Foltos03','Baba foltos',to_date('25-MÁRC. -24','RR-MON-DD'),'3');
Insert into KEPEK (KEP_ID,FELHASZNALO_ID,ALBUM_ID,CIM,LEIRAS,FELTOLTES_DATUM,HELYSZIN_VAROS_ID) values ('4','2','5','La Sagrada Familia','Elég menő',to_date('25-MÁRC. -24','RR-MON-DD'),'4');
Insert into KEPEK (KEP_ID,FELHASZNALO_ID,ALBUM_ID,CIM,LEIRAS,FELTOLTES_DATUM,HELYSZIN_VAROS_ID) values ('5','1','2','Mamáék','Papa és mama tinédzserként',to_date('25-MÁRC. -24','RR-MON-DD'),'5');
REM INSERTING into VAROSOK
SET DEFINE OFF;
Insert into VAROSOK (VAROS_ID,NEV,MEGYE,IRANYITOSZAM) values ('1','Etyek','Fejér','2091');
Insert into VAROSOK (VAROS_ID,NEV,MEGYE,IRANYITOSZAM) values ('2','Budapest','Pest','1011');
Insert into VAROSOK (VAROS_ID,NEV,MEGYE,IRANYITOSZAM) values ('3','Debrecen','Hajdú-Bihar','4024');
Insert into VAROSOK (VAROS_ID,NEV,MEGYE,IRANYITOSZAM) values ('4','Szeged','Csongrád-Csanád','6720');
Insert into VAROSOK (VAROS_ID,NEV,MEGYE,IRANYITOSZAM) values ('5','Miskolc','Borsod-Abaúj-Zemplén','3525');
Insert into VAROSOK (VAROS_ID,NEV,MEGYE,IRANYITOSZAM) values ('6','Pécs','Baranya','7621');
Insert into VAROSOK (VAROS_ID,NEV,MEGYE,IRANYITOSZAM) values ('7','Győr','Győr-Moson-Sopron','9021');
Insert into VAROSOK (VAROS_ID,NEV,MEGYE,IRANYITOSZAM) values ('8','Székesfehérvár','Fejér','8000');
Insert into VAROSOK (VAROS_ID,NEV,MEGYE,IRANYITOSZAM) values ('9','Nyíregyháza','Szabolcs-Szatmár-Bereg','4400');
Insert into VAROSOK (VAROS_ID,NEV,MEGYE,IRANYITOSZAM) values ('10','Kecskemét','Bács-Kiskun','6000');
Insert into VAROSOK (VAROS_ID,NEV,MEGYE,IRANYITOSZAM) values ('11','Eger','Heves','3300');
--------------------------------------------------------
--  DDL for Index UNIQUE_KATEGORIA_NEV
--------------------------------------------------------

  CREATE UNIQUE INDEX "UNIQUE_KATEGORIA_NEV" ON "KATEGORIAK" ("NEV") 
  PCTFREE 10 INITRANS 2 MAXTRANS 255 COMPUTE STATISTICS 
  STORAGE(INITIAL 65536 NEXT 1048576 MINEXTENTS 1 MAXEXTENTS 2147483645
  PCTINCREASE 0 FREELISTS 1 FREELIST GROUPS 1
  BUFFER_POOL DEFAULT FLASH_CACHE DEFAULT CELL_FLASH_CACHE DEFAULT)
  TABLESPACE "USERS" ;
--------------------------------------------------------
--  DDL for Index UNIQUE_VAROS_NEV
--------------------------------------------------------

  CREATE UNIQUE INDEX "UNIQUE_VAROS_NEV" ON "VAROSOK" ("NEV") 
  PCTFREE 10 INITRANS 2 MAXTRANS 255 COMPUTE STATISTICS 
  STORAGE(INITIAL 65536 NEXT 1048576 MINEXTENTS 1 MAXEXTENTS 2147483645
  PCTINCREASE 0 FREELISTS 1 FREELIST GROUPS 1
  BUFFER_POOL DEFAULT FLASH_CACHE DEFAULT CELL_FLASH_CACHE DEFAULT)
  TABLESPACE "USERS" ;
--------------------------------------------------------
--  Constraints for Table VAROSOK
--------------------------------------------------------

  ALTER TABLE "VAROSOK" MODIFY ("VAROS_ID" NOT NULL ENABLE);
  ALTER TABLE "VAROSOK" ADD PRIMARY KEY ("VAROS_ID")
  USING INDEX PCTFREE 10 INITRANS 2 MAXTRANS 255 COMPUTE STATISTICS 
  STORAGE(INITIAL 65536 NEXT 1048576 MINEXTENTS 1 MAXEXTENTS 2147483645
  PCTINCREASE 0 FREELISTS 1 FREELIST GROUPS 1
  BUFFER_POOL DEFAULT FLASH_CACHE DEFAULT CELL_FLASH_CACHE DEFAULT)
  TABLESPACE "USERS"  ENABLE;
  ALTER TABLE "VAROSOK" ADD CONSTRAINT "UNIQUE_VAROS_NEV" UNIQUE ("NEV")
  USING INDEX PCTFREE 10 INITRANS 2 MAXTRANS 255 COMPUTE STATISTICS 
  STORAGE(INITIAL 65536 NEXT 1048576 MINEXTENTS 1 MAXEXTENTS 2147483645
  PCTINCREASE 0 FREELISTS 1 FREELIST GROUPS 1
  BUFFER_POOL DEFAULT FLASH_CACHE DEFAULT CELL_FLASH_CACHE DEFAULT)
  TABLESPACE "USERS"  ENABLE;
--------------------------------------------------------
--  Constraints for Table KEPEK
--------------------------------------------------------

  ALTER TABLE "KEPEK" MODIFY ("KEP_ID" NOT NULL ENABLE);
  ALTER TABLE "KEPEK" MODIFY ("FELHASZNALO_ID" NOT NULL ENABLE);
  ALTER TABLE "KEPEK" ADD PRIMARY KEY ("KEP_ID")
  USING INDEX PCTFREE 10 INITRANS 2 MAXTRANS 255 COMPUTE STATISTICS 
  STORAGE(INITIAL 65536 NEXT 1048576 MINEXTENTS 1 MAXEXTENTS 2147483645
  PCTINCREASE 0 FREELISTS 1 FREELIST GROUPS 1
  BUFFER_POOL DEFAULT FLASH_CACHE DEFAULT CELL_FLASH_CACHE DEFAULT)
  TABLESPACE "USERS"  ENABLE;
--------------------------------------------------------
--  Constraints for Table ALBUMOK
--------------------------------------------------------

  ALTER TABLE "ALBUMOK" MODIFY ("ALBUM_ID" NOT NULL ENABLE);
  ALTER TABLE "ALBUMOK" MODIFY ("FELHASZNALO_ID" NOT NULL ENABLE);
  ALTER TABLE "ALBUMOK" MODIFY ("NEV" NOT NULL ENABLE);
  ALTER TABLE "ALBUMOK" ADD PRIMARY KEY ("ALBUM_ID")
  USING INDEX PCTFREE 10 INITRANS 2 MAXTRANS 255 COMPUTE STATISTICS 
  STORAGE(INITIAL 65536 NEXT 1048576 MINEXTENTS 1 MAXEXTENTS 2147483645
  PCTINCREASE 0 FREELISTS 1 FREELIST GROUPS 1
  BUFFER_POOL DEFAULT FLASH_CACHE DEFAULT CELL_FLASH_CACHE DEFAULT)
  TABLESPACE "USERS"  ENABLE;
--------------------------------------------------------
--  Constraints for Table ERTEKELESEK
--------------------------------------------------------

  ALTER TABLE "ERTEKELESEK" MODIFY ("ERTEKELES_ID" NOT NULL ENABLE);
  ALTER TABLE "ERTEKELESEK" MODIFY ("KEP_ID" NOT NULL ENABLE);
  ALTER TABLE "ERTEKELESEK" MODIFY ("FELHASZNALO_ID" NOT NULL ENABLE);
  ALTER TABLE "ERTEKELESEK" ADD PRIMARY KEY ("ERTEKELES_ID")
  USING INDEX PCTFREE 10 INITRANS 2 MAXTRANS 255 COMPUTE STATISTICS 
  STORAGE(INITIAL 65536 NEXT 1048576 MINEXTENTS 1 MAXEXTENTS 2147483645
  PCTINCREASE 0 FREELISTS 1 FREELIST GROUPS 1
  BUFFER_POOL DEFAULT FLASH_CACHE DEFAULT CELL_FLASH_CACHE DEFAULT)
  TABLESPACE "USERS"  ENABLE;
--------------------------------------------------------
--  Constraints for Table HOZZASZOLASOK
--------------------------------------------------------

  ALTER TABLE "HOZZASZOLASOK" MODIFY ("HOZZASZOLAS_ID" NOT NULL ENABLE);
  ALTER TABLE "HOZZASZOLASOK" MODIFY ("KEP_ID" NOT NULL ENABLE);
  ALTER TABLE "HOZZASZOLASOK" MODIFY ("FELHASZNALO_ID" NOT NULL ENABLE);
  ALTER TABLE "HOZZASZOLASOK" ADD PRIMARY KEY ("HOZZASZOLAS_ID")
  USING INDEX PCTFREE 10 INITRANS 2 MAXTRANS 255 COMPUTE STATISTICS 
  STORAGE(INITIAL 65536 NEXT 1048576 MINEXTENTS 1 MAXEXTENTS 2147483645
  PCTINCREASE 0 FREELISTS 1 FREELIST GROUPS 1
  BUFFER_POOL DEFAULT FLASH_CACHE DEFAULT CELL_FLASH_CACHE DEFAULT)
  TABLESPACE "USERS"  ENABLE;
--------------------------------------------------------
--  Constraints for Table KATEGORIAK
--------------------------------------------------------

  ALTER TABLE "KATEGORIAK" MODIFY ("KATEGORIA_ID" NOT NULL ENABLE);
  ALTER TABLE "KATEGORIAK" ADD PRIMARY KEY ("KATEGORIA_ID")
  USING INDEX PCTFREE 10 INITRANS 2 MAXTRANS 255 COMPUTE STATISTICS 
  STORAGE(INITIAL 65536 NEXT 1048576 MINEXTENTS 1 MAXEXTENTS 2147483645
  PCTINCREASE 0 FREELISTS 1 FREELIST GROUPS 1
  BUFFER_POOL DEFAULT FLASH_CACHE DEFAULT CELL_FLASH_CACHE DEFAULT)
  TABLESPACE "USERS"  ENABLE;
  ALTER TABLE "KATEGORIAK" ADD CONSTRAINT "UNIQUE_KATEGORIA_NEV" UNIQUE ("NEV")
  USING INDEX PCTFREE 10 INITRANS 2 MAXTRANS 255 COMPUTE STATISTICS 
  STORAGE(INITIAL 65536 NEXT 1048576 MINEXTENTS 1 MAXEXTENTS 2147483645
  PCTINCREASE 0 FREELISTS 1 FREELIST GROUPS 1
  BUFFER_POOL DEFAULT FLASH_CACHE DEFAULT CELL_FLASH_CACHE DEFAULT)
  TABLESPACE "USERS"  ENABLE;
--------------------------------------------------------
--  Constraints for Table FELHASZNALOK
--------------------------------------------------------

  ALTER TABLE "FELHASZNALOK" ADD CONSTRAINT "CHECK_EMAIL_NOT_NULL" CHECK ("EMAIL" IS NOT NULL) ENABLE;
  ALTER TABLE "FELHASZNALOK" ADD CONSTRAINT "CHECK_FELHASZNALO_NEV_NOT_NULL" CHECK ("FELHASZNALONEV" IS NOT NULL) ENABLE;
  ALTER TABLE "FELHASZNALOK" MODIFY ("FELHASZNALO_ID" NOT NULL ENABLE);
  ALTER TABLE "FELHASZNALOK" ADD PRIMARY KEY ("FELHASZNALO_ID")
  USING INDEX PCTFREE 10 INITRANS 2 MAXTRANS 255 COMPUTE STATISTICS 
  STORAGE(INITIAL 65536 NEXT 1048576 MINEXTENTS 1 MAXEXTENTS 2147483645
  PCTINCREASE 0 FREELISTS 1 FREELIST GROUPS 1
  BUFFER_POOL DEFAULT FLASH_CACHE DEFAULT CELL_FLASH_CACHE DEFAULT)
  TABLESPACE "USERS"  ENABLE;
  ALTER TABLE "FELHASZNALOK" ADD UNIQUE ("FELHASZNALONEV")
  USING INDEX PCTFREE 10 INITRANS 2 MAXTRANS 255 COMPUTE STATISTICS 
  STORAGE(INITIAL 65536 NEXT 1048576 MINEXTENTS 1 MAXEXTENTS 2147483645
  PCTINCREASE 0 FREELISTS 1 FREELIST GROUPS 1
  BUFFER_POOL DEFAULT FLASH_CACHE DEFAULT CELL_FLASH_CACHE DEFAULT)
  TABLESPACE "USERS"  ENABLE;
  ALTER TABLE "FELHASZNALOK" ADD UNIQUE ("EMAIL")
  USING INDEX PCTFREE 10 INITRANS 2 MAXTRANS 255 COMPUTE STATISTICS 
  STORAGE(INITIAL 65536 NEXT 1048576 MINEXTENTS 1 MAXEXTENTS 2147483645
  PCTINCREASE 0 FREELISTS 1 FREELIST GROUPS 1
  BUFFER_POOL DEFAULT FLASH_CACHE DEFAULT CELL_FLASH_CACHE DEFAULT)
  TABLESPACE "USERS"  ENABLE;
--------------------------------------------------------
--  Ref Constraints for Table ALBUMOK
--------------------------------------------------------

  ALTER TABLE "ALBUMOK" ADD CONSTRAINT "FK_FELHASZNALOID" FOREIGN KEY ("FELHASZNALO_ID")
	  REFERENCES "FELHASZNALOK" ("FELHASZNALO_ID") ON DELETE CASCADE ENABLE;
--------------------------------------------------------
--  Ref Constraints for Table ERTEKELESEK
--------------------------------------------------------

  ALTER TABLE "ERTEKELESEK" ADD CONSTRAINT "FK_FELHASZNALO_ID" FOREIGN KEY ("FELHASZNALO_ID")
	  REFERENCES "FELHASZNALOK" ("FELHASZNALO_ID") ON DELETE CASCADE ENABLE;
  ALTER TABLE "ERTEKELESEK" ADD CONSTRAINT "FK_KEP_ID" FOREIGN KEY ("KEP_ID")
	  REFERENCES "KEPEK" ("KEP_ID") ENABLE;
--------------------------------------------------------
--  Ref Constraints for Table FELHASZNALOK
--------------------------------------------------------

  ALTER TABLE "FELHASZNALOK" ADD CONSTRAINT "FK_VAROS_ID" FOREIGN KEY ("VAROS_ID")
	  REFERENCES "VAROSOK" ("VAROS_ID") ENABLE;
--------------------------------------------------------
--  Ref Constraints for Table HOZZASZOLASOK
--------------------------------------------------------

  ALTER TABLE "HOZZASZOLASOK" ADD CONSTRAINT "FK_HOZZASZOLAS_FELHASZNALOID" FOREIGN KEY ("FELHASZNALO_ID")
	  REFERENCES "FELHASZNALOK" ("FELHASZNALO_ID") ON DELETE CASCADE ENABLE;
  ALTER TABLE "HOZZASZOLASOK" ADD CONSTRAINT "FK_HOZZASZOL_KEPID" FOREIGN KEY ("KEP_ID")
	  REFERENCES "KEPEK" ("KEP_ID") ENABLE;
--------------------------------------------------------
--  Ref Constraints for Table KEPEK
--------------------------------------------------------

  ALTER TABLE "KEPEK" ADD CONSTRAINT "FK_KEPEK_ALBUMID" FOREIGN KEY ("ALBUM_ID")
	  REFERENCES "ALBUMOK" ("ALBUM_ID") ON DELETE CASCADE ENABLE;
  ALTER TABLE "KEPEK" ADD CONSTRAINT "FK_KEPEK_FELHASZNALOID" FOREIGN KEY ("FELHASZNALO_ID")
	  REFERENCES "FELHASZNALOK" ("FELHASZNALO_ID") ON DELETE CASCADE ENABLE;
  ALTER TABLE "KEPEK" ADD CONSTRAINT "FK_KEPEK_VAROSID" FOREIGN KEY ("HELYSZIN_VAROS_ID")
	  REFERENCES "VAROSOK" ("VAROS_ID") ENABLE;
